id_x,id_y,TF
lyr_00082,mil_2160,TRUE
lyr_00083,mil_2962,TRUE
lyr_00085,mil_1018,TRUE
lyr_00093,mil_0077,TRUE
lyr_00176,mil_2650,TRUE
lyr_00184,mil_3168,TRUE
lyr_00185,mil_2063,TRUE
lyr_00194,mil_2493,TRUE
lyr_00195,mil_2583,TRUE
lyr_00206,mil_1744,TRUE
lyr_00208,mil_0573,TRUE
lyr_00213,mil_1852,TRUE
lyr_00222,mil_3207,TRUE
lyr_00407,mil_4315,TRUE
lyr_00449,mil_4775,TRUE
lyr_00642,mil_0908,TRUE
lyr_00700,mil_0008,TRUE
lyr_00739,mil_3633,TRUE
lyr_00822,mil_3086,TRUE
lyr_00830,mil_0958,TRUE
lyr_00831,mil_3772,TRUE
lyr_00832,mil_0261,TRUE
lyr_00836,mil_3253,TRUE
lyr_00853,mil_4469,TRUE
lyr_00859,mil_0172,TRUE
lyr_01205,mil_2206,TRUE
lyr_01209,mil_2759,TRUE
lyr_01210,mil_1213,TRUE
lyr_01211,mil_0642,TRUE
lyr_01285,mil_0278,TRUE
lyr_01976,mil_1809,TRUE
lyr_02053,mil_1139,TRUE
lyr_02062,mil_4066,TRUE
lyr_02529,mil_0534,TRUE
lyr_02654,mil_0431,TRUE
lyr_02695,mil_2305,TRUE
lyr_02700,mil_2496,TRUE
lyr_02702,mil_1928,TRUE
lyr_02704,mil_1737,TRUE
lyr_02705,mil_4567,TRUE
lyr_02836,mil_1693,TRUE
lyr_03219,mil_0797,TRUE
lyr_03296,mil_0788,TRUE
lyr_03339,mil_2349,TRUE
lyr_03381,mil_3850,TRUE
lyr_03397,mil_3437,TRUE
lyr_03490,mil_4150,TRUE
lyr_03495,mil_3222,TRUE
lyr_03498,mil_1950,TRUE
lyr_03557,mil_4377,TRUE
lyr_03568,mil_4366,TRUE
lyr_03571,mil_3211,TRUE
lyr_03574,mil_3496,TRUE
lyr_03581,mil_4132,TRUE
lyr_03586,mil_0640,TRUE
lyr_03587,mil_3178,TRUE
lyr_03588,mil_0125,TRUE
lyr_03592,mil_0444,TRUE
lyr_03596,mil_1914,TRUE
lyr_03618,mil_4528,TRUE
lyr_03624,mil_4339,TRUE
lyr_03630,mil_3191,TRUE
lyr_03638,mil_0866,TRUE
lyr_03642,mil_4693,TRUE
lyr_03645,mil_0947,TRUE
lyr_03646,mil_1484,TRUE
lyr_03671,mil_4022,TRUE
lyr_03679,mil_2430,TRUE
lyr_03680,mil_0295,TRUE
lyr_04672,mil_0011,TRUE
lyr_05535,mil_3375,TRUE
lyr_05536,mil_0427,TRUE
lyr_05545,mil_0440,TRUE
lyr_05546,mil_1479,TRUE
lyr_05548,mil_3177,TRUE
lyr_05553,mil_2365,TRUE
lyr_05556,mil_2198,TRUE
lyr_05567,mil_0709,TRUE
lyr_05616,mil_2009,TRUE
lyr_05618,mil_3784,TRUE
lyr_05700,mil_2543,TRUE
lyr_05701,mil_0528,TRUE
lyr_05703,mil_3357,TRUE
lyr_05719,mil_0822,TRUE
lyr_06067,mil_1086,TRUE
lyr_06071,mil_3162,TRUE
lyr_06075,mil_3275,TRUE
lyr_06076,mil_0135,TRUE
lyr_06080,mil_2297,TRUE
lyr_06083,mil_1678,TRUE
lyr_06179,mil_1627,TRUE
lyr_06199,mil_0199,TRUE
lyr_06266,mil_0244,TRUE
lyr_06284,mil_0249,TRUE
lyr_06855,mil_4712,TRUE
lyr_06969,mil_3753,TRUE
lyr_07008,mil_0217,TRUE
lyr_07081,mil_3089,TRUE
lyr_07082,mil_3873,TRUE
lyr_07083,mil_4275,TRUE
lyr_07084,mil_4764,TRUE
lyr_07086,mil_1292,TRUE
lyr_07095,mil_0491,TRUE
lyr_07096,mil_2385,TRUE
lyr_07097,mil_2235,TRUE
lyr_07098,mil_0364,TRUE
lyr_07101,mil_3428,TRUE
lyr_07105,mil_4685,TRUE
lyr_07107,mil_0437,TRUE
lyr_07111,mil_2830,TRUE
lyr_07113,mil_0352,TRUE
lyr_07173,mil_2306,TRUE
lyr_07836,mil_1365,TRUE
lyr_07879,mil_2102,TRUE
lyr_07886,mil_0669,TRUE
lyr_07995,mil_4020,TRUE
lyr_08007,mil_1000,TRUE
lyr_08015,mil_4011,TRUE
lyr_08016,mil_4740,TRUE
lyr_08082,mil_0869,TRUE
lyr_08119,mil_2250,TRUE
lyr_08469,mil_4789,TRUE
lyr_08470,mil_3888,TRUE
lyr_08714,mil_1874,TRUE
lyr_08774,mil_0935,TRUE
lyr_08791,mil_0299,TRUE
lyr_08845,mil_1907,TRUE
lyr_08872,mil_3732,TRUE
lyr_08873,mil_0501,TRUE
lyr_08917,mil_0560,TRUE
lyr_08920,mil_3293,TRUE
lyr_09311,mil_0294,TRUE
lyr_09312,mil_1325,TRUE
lyr_09313,mil_3251,TRUE
lyr_09314,mil_2384,TRUE
lyr_09316,mil_2676,TRUE
lyr_09317,mil_4374,TRUE
lyr_09318,mil_1026,TRUE
lyr_09319,mil_1311,TRUE
lyr_09639,mil_3252,TRUE
lyr_09908,mil_3346,TRUE
lyr_09914,mil_0939,TRUE
lyr_10020,mil_2622,TRUE
lyr_10198,mil_0130,TRUE
lyr_10401,mil_3744,TRUE
lyr_10488,mil_3260,TRUE
lyr_10635,mil_1293,TRUE
lyr_10636,mil_1703,TRUE
lyr_10642,mil_3918,TRUE
lyr_10643,mil_4421,TRUE
lyr_10646,mil_3591,TRUE
lyr_10647,mil_3520,TRUE
lyr_10757,mil_3798,TRUE
lyr_10763,mil_3341,TRUE
lyr_10785,mil_4609,TRUE
lyr_10803,mil_0101,TRUE
lyr_10814,mil_2099,TRUE
lyr_10838,mil_2575,TRUE
lyr_10845,mil_2905,TRUE
lyr_10865,mil_1516,TRUE
lyr_10881,mil_0679,TRUE
lyr_10883,mil_2237,TRUE
lyr_10891,mil_0143,TRUE
lyr_10896,mil_3586,TRUE
lyr_11303,mil_0157,TRUE
lyr_11320,mil_1079,TRUE
lyr_11670,mil_1030,TRUE
lyr_11681,mil_2154,TRUE
lyr_11867,mil_2118,TRUE
lyr_11871,mil_4550,TRUE
lyr_12002,mil_0408,TRUE
lyr_12008,mil_2175,TRUE
lyr_12021,mil_1494,TRUE
lyr_12048,mil_0685,TRUE
lyr_12052,mil_1540,TRUE
lyr_12105,mil_1431,TRUE
lyr_12424,mil_1738,TRUE
lyr_12426,mil_2120,TRUE
lyr_12427,mil_1556,TRUE
lyr_12434,mil_2704,TRUE
lyr_12748,mil_0012,TRUE
lyr_13146,mil_4695,TRUE
lyr_13218,mil_2967,TRUE
lyr_13347,mil_4622,TRUE
lyr_13945,mil_2652,TRUE
lyr_13957,mil_4065,TRUE
lyr_13980,mil_0540,TRUE
lyr_00002,mil_3940,TRUE
lyr_09546,mil_0077,TRUE
lyr_02916,mil_2650,TRUE
lyr_02976,mil_3168,TRUE
lyr_02977,mil_2063,TRUE
lyr_03067,mil_2493,TRUE
lyr_00204,mil_4298,TRUE
lyr_02942,mil_4298,TRUE
lyr_02948,mil_1744,TRUE
lyr_02989,mil_0573,TRUE
lyr_03014,mil_1852,TRUE
lyr_13927,mil_1852,TRUE
lyr_03058,mil_3207,TRUE
lyr_00224,mil_4690,TRUE
lyr_08585,mil_4690,TRUE
lyr_00255,mil_0229,TRUE
lyr_00255,mil_3145,TRUE
lyr_04778,mil_0229,TRUE
lyr_04778,mil_3145,TRUE
lyr_08505,mil_0229,TRUE
lyr_08505,mil_3145,TRUE
lyr_11162,mil_0229,TRUE
lyr_11162,mil_3145,TRUE
lyr_00265,mil_1000,TRUE
lyr_06239,mil_1000,TRUE
lyr_00270,mil_3684,TRUE
lyr_00271,mil_2133,TRUE
lyr_00271,mil_2404,TRUE
lyr_01837,mil_2133,TRUE
lyr_01837,mil_2404,TRUE
lyr_03518,mil_2133,TRUE
lyr_03518,mil_2404,TRUE
lyr_04912,mil_2133,TRUE
lyr_04912,mil_2404,TRUE
lyr_08114,mil_2133,TRUE
lyr_08114,mil_2404,TRUE
lyr_00308,mil_0770,TRUE
lyr_13736,mil_0770,TRUE
lyr_00410,mil_2081,TRUE
lyr_12642,mil_2081,TRUE
lyr_00440,mil_0701,TRUE
lyr_00453,mil_2720,TRUE
lyr_02614,mil_2720,TRUE
lyr_00458,mil_3597,TRUE
lyr_01953,mil_3597,TRUE
lyr_03395,mil_3597,TRUE
lyr_00461,mil_4682,TRUE
lyr_03404,mil_4682,TRUE
lyr_08022,mil_4682,TRUE
lyr_00468,mil_4276,TRUE
lyr_01954,mil_4276,TRUE
lyr_00521,mil_1676,TRUE
lyr_13003,mil_1676,TRUE
lyr_00585,mil_3530,TRUE
lyr_00595,mil_0215,TRUE
lyr_00595,mil_0636,TRUE
lyr_01095,mil_0215,TRUE
lyr_01095,mil_0636,TRUE
lyr_00600,mil_1763,TRUE
lyr_00600,mil_1876,TRUE
lyr_00600,mil_3433,TRUE
lyr_00600,mil_3615,TRUE
lyr_00600,mil_4769,TRUE
lyr_00656,mil_1089,TRUE
lyr_00656,mil_2666,TRUE
lyr_00656,mil_4696,TRUE
lyr_02099,mil_1089,TRUE
lyr_02099,mil_2666,TRUE
lyr_02099,mil_4696,TRUE
lyr_10315,mil_1089,TRUE
lyr_10315,mil_2666,TRUE
lyr_10315,mil_4696,TRUE
lyr_00661,mil_0572,TRUE
lyr_00661,mil_1196,TRUE
lyr_00661,mil_1621,TRUE
lyr_00661,mil_2618,TRUE
lyr_00687,mil_4760,TRUE
lyr_00692,mil_3996,TRUE
lyr_00768,mil_2976,TRUE
lyr_00784,mil_4487,TRUE
lyr_11269,mil_4487,TRUE
lyr_00794,mil_2917,TRUE
lyr_00799,mil_0730,TRUE
lyr_04593,mil_0730,TRUE
lyr_00812,mil_3683,TRUE
lyr_00828,mil_2691,TRUE
lyr_00829,mil_0049,TRUE
lyr_00838,mil_0862,TRUE
lyr_00838,mil_3712,TRUE
lyr_00856,mil_1233,TRUE
lyr_01094,mil_1233,TRUE
lyr_04168,mil_1233,TRUE
lyr_00909,mil_0384,TRUE
lyr_03118,mil_0384,TRUE
lyr_00914,mil_1409,TRUE
lyr_00925,mil_2751,TRUE
lyr_07270,mil_2751,TRUE
lyr_00933,mil_4014,TRUE
lyr_01657,mil_4014,TRUE
lyr_00940,mil_0541,TRUE
lyr_05342,mil_0541,TRUE
lyr_00951,mil_3352,TRUE
lyr_00958,mil_0096,TRUE
lyr_00958,mil_3921,TRUE
lyr_05350,mil_0096,TRUE
lyr_05350,mil_3921,TRUE
lyr_09944,mil_0096,TRUE
lyr_09944,mil_3921,TRUE
lyr_12593,mil_0096,TRUE
lyr_12593,mil_3921,TRUE
lyr_00965,mil_0390,TRUE
lyr_08253,mil_0390,TRUE
lyr_01007,mil_4198,TRUE
lyr_01021,mil_1263,TRUE
lyr_03499,mil_1263,TRUE
lyr_01031,mil_3488,TRUE
lyr_01031,mil_4309,TRUE
lyr_11348,mil_3488,TRUE
lyr_11348,mil_4309,TRUE
lyr_01052,mil_0199,TRUE
lyr_01052,mil_4140,TRUE
lyr_06199,mil_4140,TRUE
lyr_09627,mil_0199,TRUE
lyr_09627,mil_4140,TRUE
lyr_01066,mil_3240,TRUE
lyr_06094,mil_3240,TRUE
lyr_01070,mil_1084,TRUE
lyr_01070,mil_2259,TRUE
lyr_01070,mil_3471,TRUE
lyr_01070,mil_4261,TRUE
lyr_02928,mil_1084,TRUE
lyr_02928,mil_2259,TRUE
lyr_02928,mil_3471,TRUE
lyr_02928,mil_4261,TRUE
lyr_03367,mil_1084,TRUE
lyr_03367,mil_2259,TRUE
lyr_03367,mil_3471,TRUE
lyr_03367,mil_4261,TRUE
lyr_01090,mil_3770,TRUE
lyr_01123,mil_2548,TRUE
lyr_01124,mil_2597,TRUE
lyr_01136,mil_4526,TRUE
lyr_01163,mil_2551,TRUE
lyr_01176,mil_2016,TRUE
lyr_01203,mil_0940,TRUE
lyr_01203,mil_2428,TRUE
lyr_08679,mil_0642,TRUE
lyr_10676,mil_0642,TRUE
lyr_11686,mil_0642,TRUE
lyr_01226,mil_0287,TRUE
lyr_01282,mil_2430,TRUE
lyr_01345,mil_0335,TRUE
lyr_05816,mil_0335,TRUE
lyr_01418,mil_0291,TRUE
lyr_01418,mil_0406,TRUE
lyr_01418,mil_3496,TRUE
lyr_03574,mil_0291,TRUE
lyr_03574,mil_0406,TRUE
lyr_01435,mil_1021,TRUE
lyr_01490,mil_0212,TRUE
lyr_01490,mil_1938,TRUE
lyr_01490,mil_3002,TRUE
lyr_01490,mil_3849,TRUE
lyr_01490,mil_4221,TRUE
lyr_01490,mil_4486,TRUE
lyr_06120,mil_0212,TRUE
lyr_06120,mil_1938,TRUE
lyr_06120,mil_3002,TRUE
lyr_06120,mil_3849,TRUE
lyr_06120,mil_4221,TRUE
lyr_06120,mil_4486,TRUE
lyr_06691,mil_0212,TRUE
lyr_06691,mil_1938,TRUE
lyr_06691,mil_3002,TRUE
lyr_06691,mil_3849,TRUE
lyr_06691,mil_4221,TRUE
lyr_06691,mil_4486,TRUE
lyr_08704,mil_0212,TRUE
lyr_08704,mil_1938,TRUE
lyr_08704,mil_3002,TRUE
lyr_08704,mil_3849,TRUE
lyr_08704,mil_4221,TRUE
lyr_08704,mil_4486,TRUE
lyr_11860,mil_0212,TRUE
lyr_11860,mil_1938,TRUE
lyr_11860,mil_3002,TRUE
lyr_11860,mil_3849,TRUE
lyr_11860,mil_4221,TRUE
lyr_11860,mil_4486,TRUE
lyr_01559,mil_3761,TRUE
lyr_08806,mil_3761,TRUE
lyr_01598,mil_0269,TRUE
lyr_01634,mil_3479,TRUE
lyr_03531,mil_3479,TRUE
lyr_08827,mil_3479,TRUE
lyr_01638,mil_1727,TRUE
lyr_01648,mil_1726,TRUE
lyr_01710,mil_1007,TRUE
lyr_01727,mil_3936,TRUE
lyr_01779,mil_1163,TRUE
lyr_02354,mil_1163,TRUE
lyr_01808,mil_4286,TRUE
lyr_02102,mil_4286,TRUE
lyr_02812,mil_4286,TRUE
lyr_04590,mil_4286,TRUE
lyr_07186,mil_4286,TRUE
lyr_08677,mil_4286,TRUE
lyr_13197,mil_4286,TRUE
lyr_01830,mil_2876,TRUE
lyr_01836,mil_1576,TRUE
lyr_01854,mil_4535,TRUE
lyr_03071,mil_4535,TRUE
lyr_01858,mil_1910,TRUE
lyr_01858,mil_2594,TRUE
lyr_02442,mil_1910,TRUE
lyr_02442,mil_2594,TRUE
lyr_07074,mil_1910,TRUE
lyr_07074,mil_2594,TRUE
lyr_07135,mil_1910,TRUE
lyr_07135,mil_2594,TRUE
lyr_07832,mil_1910,TRUE
lyr_07832,mil_2594,TRUE
lyr_01902,mil_3524,TRUE
lyr_01921,mil_1836,TRUE
lyr_05145,mil_1836,TRUE
lyr_07276,mil_1836,TRUE
lyr_01927,mil_2484,TRUE
lyr_01927,mil_2711,TRUE
lyr_01927,mil_2892,TRUE
lyr_02386,mil_2484,TRUE
lyr_02386,mil_2711,TRUE
lyr_02386,mil_2892,TRUE
lyr_02699,mil_2484,TRUE
lyr_02699,mil_2711,TRUE
lyr_02699,mil_2892,TRUE
lyr_04935,mil_2484,TRUE
lyr_04935,mil_2711,TRUE
lyr_04935,mil_2892,TRUE
lyr_07560,mil_2484,TRUE
lyr_07560,mil_2711,TRUE
lyr_07560,mil_2892,TRUE
lyr_13655,mil_2484,TRUE
lyr_13655,mil_2711,TRUE
lyr_13655,mil_2892,TRUE
lyr_01989,mil_4560,TRUE
lyr_02002,mil_2814,TRUE
lyr_04478,mil_2814,TRUE
lyr_06227,mil_2814,TRUE
lyr_10189,mil_2814,TRUE
lyr_02018,mil_1760,TRUE
lyr_10381,mil_1760,TRUE
lyr_02079,mil_3538,TRUE
lyr_04551,mil_3538,TRUE
lyr_10811,mil_3538,TRUE
lyr_11672,mil_3538,TRUE
lyr_02114,mil_0355,TRUE
lyr_02114,mil_0530,TRUE
lyr_02114,mil_3928,TRUE
lyr_02862,mil_0355,TRUE
lyr_02862,mil_0530,TRUE
lyr_02862,mil_3928,TRUE
lyr_13198,mil_0355,TRUE
lyr_13198,mil_0530,TRUE
lyr_13198,mil_3928,TRUE
lyr_02123,mil_3125,TRUE
lyr_02134,mil_1995,TRUE
lyr_02151,mil_0929,TRUE
lyr_05123,mil_0929,TRUE
lyr_02224,mil_1142,TRUE
lyr_02242,mil_1909,TRUE
lyr_02246,mil_1294,TRUE
lyr_02259,mil_2091,TRUE
lyr_02288,mil_3821,TRUE
lyr_05843,mil_3821,TRUE
lyr_02312,mil_3687,TRUE
lyr_02323,mil_1749,TRUE
lyr_02323,mil_1892,TRUE
lyr_13192,mil_1749,TRUE
lyr_13192,mil_1892,TRUE
lyr_02326,mil_0923,TRUE
lyr_06422,mil_0923,TRUE
lyr_09761,mil_0923,TRUE
lyr_00001,mil_0001,FALSE
lyr_00002,mil_0002,FALSE
lyr_00003,mil_0003,FALSE
lyr_00004,mil_0004,FALSE
lyr_00005,mil_0005,FALSE
lyr_00006,mil_0006,FALSE
lyr_00007,mil_0007,FALSE
lyr_00008,mil_0008,FALSE
lyr_00009,mil_0009,FALSE
lyr_00010,mil_0010,FALSE
lyr_00011,mil_0011,FALSE
lyr_00012,mil_0012,FALSE
lyr_00013,mil_0013,FALSE
lyr_00014,mil_0014,FALSE
lyr_00015,mil_0015,FALSE
lyr_00016,mil_0016,FALSE
lyr_00017,mil_0017,FALSE
lyr_00018,mil_0018,FALSE
lyr_00019,mil_0019,FALSE
lyr_00020,mil_0020,FALSE
lyr_00021,mil_0021,FALSE
lyr_00022,mil_0022,FALSE
lyr_00023,mil_0023,FALSE
lyr_00024,mil_0024,FALSE
lyr_00025,mil_0025,FALSE
lyr_00026,mil_0026,FALSE
lyr_00027,mil_0027,FALSE
lyr_00028,mil_0028,FALSE
lyr_00029,mil_0029,FALSE
lyr_00030,mil_0030,FALSE
lyr_00031,mil_0031,FALSE
lyr_00032,mil_0032,FALSE
lyr_00033,mil_0033,FALSE
lyr_00034,mil_0034,FALSE
lyr_00035,mil_0035,FALSE
lyr_00036,mil_0036,FALSE
lyr_00037,mil_0037,FALSE
lyr_00038,mil_0038,FALSE
lyr_00039,mil_0039,FALSE
lyr_00040,mil_0040,FALSE
lyr_00041,mil_0041,FALSE
lyr_00042,mil_0042,FALSE
lyr_00043,mil_0043,FALSE
lyr_00044,mil_0044,FALSE
lyr_00045,mil_0045,FALSE
lyr_00046,mil_0046,FALSE
lyr_00047,mil_0047,FALSE
lyr_00048,mil_0048,FALSE
lyr_00049,mil_0049,FALSE
lyr_00050,mil_0050,FALSE
lyr_00051,mil_0051,FALSE
lyr_00052,mil_0052,FALSE
lyr_00053,mil_0053,FALSE
lyr_00054,mil_0054,FALSE
lyr_00055,mil_0055,FALSE
lyr_00056,mil_0056,FALSE
lyr_00057,mil_0057,FALSE
lyr_00058,mil_0058,FALSE
lyr_00059,mil_0059,FALSE
lyr_00060,mil_0060,FALSE
lyr_00061,mil_0061,FALSE
lyr_00062,mil_0062,FALSE
lyr_00063,mil_0063,FALSE
lyr_00064,mil_0064,FALSE
lyr_00065,mil_0065,FALSE
lyr_00066,mil_0066,FALSE
lyr_00067,mil_0067,FALSE
lyr_00068,mil_0068,FALSE
lyr_00069,mil_0069,FALSE
lyr_00070,mil_0070,FALSE
lyr_00071,mil_0071,FALSE
lyr_00072,mil_0072,FALSE
lyr_00073,mil_0073,FALSE
lyr_00074,mil_0074,FALSE
lyr_00075,mil_0075,FALSE
lyr_00076,mil_0076,FALSE
lyr_00077,mil_0077,FALSE
lyr_00078,mil_0078,FALSE
lyr_00079,mil_0079,FALSE
lyr_00080,mil_0080,FALSE
lyr_00081,mil_0081,FALSE
lyr_00082,mil_0082,FALSE
lyr_00083,mil_0083,FALSE
lyr_00084,mil_0084,FALSE
lyr_00085,mil_0085,FALSE
lyr_00086,mil_0086,FALSE
lyr_00087,mil_0087,FALSE
lyr_00088,mil_0088,FALSE
lyr_00089,mil_0089,FALSE
lyr_00090,mil_0090,FALSE
lyr_00091,mil_0091,FALSE
lyr_00092,mil_0092,FALSE
lyr_00093,mil_0093,FALSE
lyr_00094,mil_0094,FALSE
lyr_00095,mil_0095,FALSE
lyr_00096,mil_0096,FALSE
lyr_00097,mil_0097,FALSE
lyr_00098,mil_0098,FALSE
lyr_00099,mil_0099,FALSE
lyr_00100,mil_0100,FALSE
lyr_00101,mil_0101,FALSE
lyr_00102,mil_0102,FALSE
lyr_00103,mil_0103,FALSE
lyr_00104,mil_0104,FALSE
lyr_00105,mil_0105,FALSE
lyr_00106,mil_0106,FALSE
lyr_00107,mil_0107,FALSE
lyr_00108,mil_0108,FALSE
lyr_00109,mil_0109,FALSE
lyr_00110,mil_0110,FALSE
lyr_00111,mil_0111,FALSE
lyr_00112,mil_0112,FALSE
lyr_00113,mil_0113,FALSE
lyr_00114,mil_0114,FALSE
lyr_00115,mil_0115,FALSE
lyr_00116,mil_0116,FALSE
lyr_00117,mil_0117,FALSE
lyr_00118,mil_0118,FALSE
lyr_00119,mil_0119,FALSE
lyr_00120,mil_0120,FALSE
lyr_00121,mil_0121,FALSE
lyr_00122,mil_0122,FALSE
lyr_00123,mil_0123,FALSE
lyr_00124,mil_0124,FALSE
lyr_00125,mil_0125,FALSE
lyr_00126,mil_0126,FALSE
lyr_00127,mil_0127,FALSE
lyr_00128,mil_0128,FALSE
lyr_00129,mil_0129,FALSE
lyr_00130,mil_0130,FALSE
lyr_00131,mil_0131,FALSE
lyr_00132,mil_0132,FALSE
lyr_00133,mil_0133,FALSE
lyr_00134,mil_0134,FALSE
lyr_00135,mil_0135,FALSE
lyr_00136,mil_0136,FALSE
lyr_00137,mil_0137,FALSE
lyr_00138,mil_0138,FALSE
lyr_00139,mil_0139,FALSE
lyr_00140,mil_0140,FALSE
lyr_00141,mil_0141,FALSE
lyr_00142,mil_0142,FALSE
lyr_00143,mil_0143,FALSE
lyr_00144,mil_0144,FALSE
lyr_00145,mil_0145,FALSE
lyr_00146,mil_0146,FALSE
lyr_00147,mil_0147,FALSE
lyr_00148,mil_0148,FALSE
lyr_00149,mil_0149,FALSE
lyr_00150,mil_0150,FALSE
lyr_00151,mil_0151,FALSE
lyr_00152,mil_0152,FALSE
lyr_00153,mil_0153,FALSE
lyr_00154,mil_0154,FALSE
lyr_00155,mil_0155,FALSE
lyr_00156,mil_0156,FALSE
lyr_00157,mil_0157,FALSE
lyr_00158,mil_0158,FALSE
lyr_00159,mil_0159,FALSE
lyr_00160,mil_0160,FALSE
lyr_00161,mil_0161,FALSE
lyr_00162,mil_0162,FALSE
lyr_00163,mil_0163,FALSE
lyr_00164,mil_0164,FALSE
lyr_00165,mil_0165,FALSE
lyr_00166,mil_0166,FALSE
lyr_00167,mil_0167,FALSE
lyr_00168,mil_0168,FALSE
lyr_00169,mil_0169,FALSE
lyr_00170,mil_0170,FALSE
lyr_00171,mil_0171,FALSE
lyr_00172,mil_0172,FALSE
lyr_00173,mil_0173,FALSE
lyr_00174,mil_0174,FALSE
lyr_00175,mil_0175,FALSE
lyr_00176,mil_0176,FALSE
lyr_00177,mil_0177,FALSE
lyr_00178,mil_0178,FALSE
lyr_00179,mil_0179,FALSE
lyr_00180,mil_0180,FALSE
lyr_00181,mil_0181,FALSE
lyr_00182,mil_0182,FALSE
lyr_00183,mil_0183,FALSE
lyr_00184,mil_0184,FALSE
lyr_00185,mil_0185,FALSE
lyr_00186,mil_0186,FALSE
lyr_00187,mil_0187,FALSE
lyr_00188,mil_0188,FALSE
lyr_00189,mil_0189,FALSE
lyr_00190,mil_0190,FALSE
lyr_00191,mil_0191,FALSE
lyr_00192,mil_0192,FALSE
lyr_00193,mil_0193,FALSE
lyr_00194,mil_0194,FALSE
lyr_00195,mil_0195,FALSE
lyr_00196,mil_0196,FALSE
lyr_00197,mil_0197,FALSE
lyr_00198,mil_0198,FALSE
lyr_00199,mil_0199,FALSE
lyr_00200,mil_0200,FALSE
lyr_00201,mil_0201,FALSE
lyr_00202,mil_0202,FALSE
lyr_00203,mil_0203,FALSE
lyr_00204,mil_0204,FALSE
lyr_00205,mil_0205,FALSE
lyr_00206,mil_0206,FALSE
lyr_00207,mil_0207,FALSE
lyr_00208,mil_0208,FALSE
lyr_00209,mil_0209,FALSE
lyr_00210,mil_0210,FALSE
lyr_00211,mil_0211,FALSE
lyr_00212,mil_0212,FALSE
lyr_00213,mil_0213,FALSE
lyr_00214,mil_0214,FALSE
lyr_00215,mil_0215,FALSE
lyr_00216,mil_0216,FALSE
lyr_00217,mil_0217,FALSE
lyr_00218,mil_0218,FALSE
lyr_00219,mil_0219,FALSE
lyr_00220,mil_0220,FALSE
lyr_00221,mil_0221,FALSE
lyr_00222,mil_0222,FALSE
lyr_00223,mil_0223,FALSE
lyr_00224,mil_0224,FALSE
lyr_00225,mil_0225,FALSE
lyr_00226,mil_0226,FALSE
lyr_00227,mil_0227,FALSE
lyr_00228,mil_0228,FALSE
lyr_00229,mil_0229,FALSE
lyr_00230,mil_0230,FALSE
lyr_00231,mil_0231,FALSE
lyr_00232,mil_0232,FALSE
lyr_00233,mil_0233,FALSE
lyr_00234,mil_0234,FALSE
lyr_00235,mil_0235,FALSE
lyr_00236,mil_0236,FALSE
lyr_00237,mil_0237,FALSE
lyr_00238,mil_0238,FALSE
lyr_00239,mil_0239,FALSE
lyr_00240,mil_0240,FALSE
lyr_00241,mil_0241,FALSE
lyr_00242,mil_0242,FALSE
lyr_00243,mil_0243,FALSE
lyr_00244,mil_0244,FALSE
lyr_00245,mil_0245,FALSE
lyr_00246,mil_0246,FALSE
lyr_00247,mil_0247,FALSE
lyr_00248,mil_0248,FALSE
lyr_00249,mil_0249,FALSE
lyr_00250,mil_0250,FALSE
lyr_00251,mil_0251,FALSE
lyr_00252,mil_0252,FALSE
lyr_00253,mil_0253,FALSE
lyr_00254,mil_0254,FALSE
lyr_00255,mil_0255,FALSE
lyr_00256,mil_0256,FALSE
lyr_00257,mil_0257,FALSE
lyr_00258,mil_0258,FALSE
lyr_00259,mil_0259,FALSE
lyr_00260,mil_0260,FALSE
lyr_00261,mil_0261,FALSE
lyr_00262,mil_0262,FALSE
lyr_00263,mil_0263,FALSE
lyr_00264,mil_0264,FALSE
lyr_00265,mil_0265,FALSE
lyr_00266,mil_0266,FALSE
lyr_00267,mil_0267,FALSE
lyr_00268,mil_0268,FALSE
lyr_00269,mil_0269,FALSE
lyr_00270,mil_0270,FALSE
lyr_00271,mil_0271,FALSE
lyr_00272,mil_0272,FALSE
lyr_00273,mil_0273,FALSE
lyr_00274,mil_0274,FALSE
lyr_00275,mil_0275,FALSE
lyr_00276,mil_0276,FALSE
lyr_00277,mil_0277,FALSE
lyr_00278,mil_0278,FALSE
lyr_00279,mil_0279,FALSE
lyr_00280,mil_0280,FALSE
lyr_00281,mil_0281,FALSE
lyr_00282,mil_0282,FALSE
lyr_00283,mil_0283,FALSE
lyr_00284,mil_0284,FALSE
lyr_00285,mil_0285,FALSE
lyr_00286,mil_0286,FALSE
lyr_00287,mil_0287,FALSE
lyr_00288,mil_0288,FALSE
lyr_00289,mil_0289,FALSE
lyr_00290,mil_0290,FALSE
lyr_00291,mil_0291,FALSE
lyr_00292,mil_0292,FALSE
lyr_00293,mil_0293,FALSE
lyr_00294,mil_0294,FALSE
lyr_00295,mil_0295,FALSE
lyr_00296,mil_0296,FALSE
lyr_00297,mil_0297,FALSE
lyr_00298,mil_0298,FALSE
lyr_00299,mil_0299,FALSE
lyr_00300,mil_0300,FALSE
lyr_00301,mil_0301,FALSE
lyr_00302,mil_0302,FALSE
lyr_00303,mil_0303,FALSE
lyr_00304,mil_0304,FALSE
lyr_00305,mil_0305,FALSE
lyr_00306,mil_0306,FALSE
lyr_00307,mil_0307,FALSE
lyr_00308,mil_0308,FALSE
lyr_00309,mil_0309,FALSE
lyr_00310,mil_0310,FALSE
lyr_00311,mil_0311,FALSE
lyr_00312,mil_0312,FALSE
lyr_00313,mil_0313,FALSE
lyr_00314,mil_0314,FALSE
lyr_00315,mil_0315,FALSE
lyr_00316,mil_0316,FALSE
lyr_00317,mil_0317,FALSE
lyr_00318,mil_0318,FALSE
lyr_00319,mil_0319,FALSE
lyr_00320,mil_0320,FALSE
lyr_00321,mil_0321,FALSE
lyr_00322,mil_0322,FALSE
lyr_00323,mil_0323,FALSE
lyr_00324,mil_0324,FALSE
lyr_00325,mil_0325,FALSE
lyr_00326,mil_0326,FALSE
lyr_00327,mil_0327,FALSE
lyr_00328,mil_0328,FALSE
lyr_00329,mil_0329,FALSE
lyr_00330,mil_0330,FALSE
lyr_00331,mil_0331,FALSE
lyr_00332,mil_0332,FALSE
lyr_00333,mil_0333,FALSE
lyr_00334,mil_0334,FALSE
lyr_00335,mil_0335,FALSE
lyr_00336,mil_0336,FALSE
lyr_00337,mil_0337,FALSE
lyr_00338,mil_0338,FALSE
lyr_00339,mil_0339,FALSE
lyr_00340,mil_0340,FALSE
lyr_00341,mil_0341,FALSE
lyr_00342,mil_0342,FALSE
lyr_00343,mil_0343,FALSE
lyr_00344,mil_0344,FALSE
lyr_00345,mil_0345,FALSE
lyr_00346,mil_0346,FALSE
lyr_00347,mil_0347,FALSE
lyr_00348,mil_0348,FALSE
lyr_00349,mil_0349,FALSE
lyr_00350,mil_0350,FALSE
lyr_00351,mil_0351,FALSE
lyr_00352,mil_0352,FALSE
lyr_00353,mil_0353,FALSE
lyr_00354,mil_0354,FALSE
lyr_00355,mil_0355,FALSE
lyr_00356,mil_0356,FALSE
lyr_00357,mil_0357,FALSE
lyr_00358,mil_0358,FALSE
lyr_00359,mil_0359,FALSE
lyr_00360,mil_0360,FALSE
lyr_00361,mil_0361,FALSE
lyr_00362,mil_0362,FALSE
lyr_00363,mil_0363,FALSE
lyr_00364,mil_0364,FALSE
lyr_00365,mil_0365,FALSE
lyr_00366,mil_0366,FALSE
lyr_00367,mil_0367,FALSE
lyr_00368,mil_0368,FALSE
lyr_00369,mil_0369,FALSE
lyr_00370,mil_0370,FALSE
lyr_00371,mil_0371,FALSE
lyr_00372,mil_0372,FALSE
lyr_00373,mil_0373,FALSE
lyr_00374,mil_0374,FALSE
lyr_00375,mil_0375,FALSE
lyr_00376,mil_0376,FALSE
lyr_00377,mil_0377,FALSE
lyr_00378,mil_0378,FALSE
lyr_00379,mil_0379,FALSE
lyr_00380,mil_0380,FALSE
lyr_00381,mil_0381,FALSE
lyr_00382,mil_0382,FALSE
lyr_00383,mil_0383,FALSE
lyr_00384,mil_0384,FALSE
lyr_00385,mil_0385,FALSE
lyr_00386,mil_0386,FALSE
lyr_00387,mil_0387,FALSE
lyr_00388,mil_0388,FALSE
lyr_00389,mil_0389,FALSE
lyr_00390,mil_0390,FALSE
lyr_00391,mil_0391,FALSE
lyr_00392,mil_0392,FALSE
lyr_00393,mil_0393,FALSE
lyr_00394,mil_0394,FALSE
lyr_00395,mil_0395,FALSE
lyr_00396,mil_0396,FALSE
lyr_00397,mil_0397,FALSE
lyr_00398,mil_0398,FALSE
lyr_00399,mil_0399,FALSE
lyr_00400,mil_0400,FALSE
lyr_00401,mil_0401,FALSE
lyr_00402,mil_0402,FALSE
lyr_00403,mil_0403,FALSE
lyr_00404,mil_0404,FALSE
lyr_00405,mil_0405,FALSE
lyr_00406,mil_0406,FALSE
lyr_00407,mil_0407,FALSE
lyr_00408,mil_0408,FALSE
lyr_00409,mil_0409,FALSE
lyr_00410,mil_0410,FALSE
lyr_00411,mil_0411,FALSE
lyr_00412,mil_0412,FALSE
lyr_00413,mil_0413,FALSE
lyr_00414,mil_0414,FALSE
lyr_00415,mil_0415,FALSE
lyr_00416,mil_0416,FALSE
lyr_00417,mil_0417,FALSE
lyr_00418,mil_0418,FALSE
lyr_00419,mil_0419,FALSE
lyr_00420,mil_0420,FALSE
lyr_00421,mil_0421,FALSE
lyr_00422,mil_0422,FALSE
lyr_00423,mil_0423,FALSE
lyr_00424,mil_0424,FALSE
lyr_00425,mil_0425,FALSE
lyr_00426,mil_0426,FALSE
lyr_00427,mil_0427,FALSE
lyr_00428,mil_0428,FALSE
lyr_00429,mil_0429,FALSE
lyr_00430,mil_0430,FALSE
lyr_00431,mil_0431,FALSE
lyr_00432,mil_0432,FALSE
lyr_00433,mil_0433,FALSE
lyr_00434,mil_0434,FALSE
lyr_00435,mil_0435,FALSE
lyr_00436,mil_0436,FALSE
lyr_00437,mil_0437,FALSE
lyr_00438,mil_0438,FALSE
lyr_00439,mil_0439,FALSE
lyr_00440,mil_0440,FALSE
lyr_00441,mil_0441,FALSE
lyr_00442,mil_0442,FALSE
lyr_00443,mil_0443,FALSE
lyr_00444,mil_0444,FALSE
lyr_00445,mil_0445,FALSE
lyr_00446,mil_0446,FALSE
lyr_00447,mil_0447,FALSE
lyr_00448,mil_0448,FALSE
lyr_00449,mil_0449,FALSE
lyr_00450,mil_0450,FALSE
lyr_00451,mil_0451,FALSE
lyr_00452,mil_0452,FALSE
lyr_00453,mil_0453,FALSE
lyr_00454,mil_0454,FALSE
lyr_00455,mil_0455,FALSE
lyr_00456,mil_0456,FALSE
lyr_00457,mil_0457,FALSE
lyr_00458,mil_0458,FALSE
lyr_00459,mil_0459,FALSE
lyr_00460,mil_0460,FALSE
lyr_00461,mil_0461,FALSE
lyr_00462,mil_0462,FALSE
lyr_00463,mil_0463,FALSE
lyr_00464,mil_0464,FALSE
lyr_00465,mil_0465,FALSE
lyr_00466,mil_0466,FALSE
lyr_00467,mil_0467,FALSE
lyr_00468,mil_0468,FALSE
lyr_00469,mil_0469,FALSE
lyr_00470,mil_0470,FALSE
lyr_00471,mil_0471,FALSE
lyr_00472,mil_0472,FALSE
lyr_00473,mil_0473,FALSE
lyr_00474,mil_0474,FALSE
lyr_00475,mil_0475,FALSE
lyr_00476,mil_0476,FALSE
lyr_00477,mil_0477,FALSE
lyr_00478,mil_0478,FALSE
lyr_00479,mil_0479,FALSE
lyr_00480,mil_0480,FALSE
lyr_00481,mil_0481,FALSE
lyr_00482,mil_0482,FALSE
lyr_00483,mil_0483,FALSE
lyr_00484,mil_0484,FALSE
lyr_00485,mil_0485,FALSE
